filename_or_group,expected_severity,category,notes,source_set
2026-04-19_12-43-26,REVIEW,person_near,person near vehicle with no clear contact should be review at most and never important,known_person_near_set
2026-04-19_12-44-29,IGNORE,person_passby,person/pass-by with no contact should never be important,known_person_near_set
2026-04-17_17-51-51,IGNORE,person_passby,people walking by no contact should never be important,known_person_passby_set
2026-06-04-21-33-05,IGNORE,person_passby,same-folder person pass-by with no visible contact should stay ignore,current_crash_door_ding_set
2026-06-05-00-33-32,IGNORE,normal_traffic,same-folder normal activity/no contact should stay ignore,current_crash_door_ding_set
2026-06-05-04-59-11,IGNORE,normal_traffic,same-folder normal activity/no contact should stay ignore,current_crash_door_ding_set
"Reddit 1.mp4,Important,door ding.mp4",IMPORTANT,door_ding,known door ding/contact clip should be important,current_crash_door_ding_set
"reddit 4.mp4,IMPORTANT, parked POV car is rear-ended.mp4",IMPORTANT,rear_impact,hard rear-end crash should never be review or ignore,current_crash_door_ding_set
2026-04-17_19-07-22,REVIEW,close_door_no_contact,user-confirmed adjacent door activity without impact must never become important,known_close_door_no_contact_set
2026-04-17_20-04-31-back.mp4,IGNORE,distant_pedestrian,,local_scan_set
2026-04-17_17-05-40-right_repeater.mp4,IGNORE,normal_traffic,,local_scan_set
2026-05-07_13-39-02-left_repeater.mp4,IGNORE,person_near,,local_scan_set
2026-04-27_16-35-09-front.mp4,IGNORE,normal_traffic,,local_scan_set
2026-05-08_15-34-57-left_repeater.mp4,REVIEW,person_near,,local_scan_set
2026-04-17_19-07-22-right_repeater.mp4,IGNORE,person_near,,local_scan_set
2025-09-18_15-11-52-left_repeater.mp4,IGNORE,normal_traffic,,local_scan_set
2026-04-22_11-57-24-right_repeater.mp4,IGNORE,person_near,,local_scan_set
2026-04-17_21-43-21-front.mp4,IGNORE,normal_traffic,,local_scan_set
2024-11-04_09-48-30-front.mp4,IGNORE,normal_traffic,,local_scan_set
2026-05-14_14-56-20-right_repeater.mp4,IGNORE,person_near,,local_scan_set
2026-04-17_19-59-10-right_repeater.mp4,IGNORE,person_near,,local_scan_set
2026-07-01_07-09-34-right_repeater.mp4,IGNORE,person_near,,local_scan_set
2026-04-22_11-56-21-left_repeater.mp4,IGNORE,person_near,,local_scan_set
2026-05-21_18-34-02-front.mp4,IGNORE,normal_traffic,,local_scan_set
2026-04-17_16-44-29-left_repeater.mp4,IGNORE,person_near,,local_scan_set
2026-04-17_20-00-13-right_repeater.mp4,IGNORE,normal_traffic,,local_scan_set
2026-04-17_16-45-32-left_repeater.mp4,IGNORE,normal_traffic,,local_scan_set
2026-04-17_17-43-42-left_repeater.mp4,IGNORE,normal_traffic,,local_scan_set
2026-04-27_16-04-34-right_repeater.mp4,IGNORE,person_near,,local_scan_set
2026-04-21_21-34-26-front.mp4,IGNORE,normal_traffic,,local_scan_set
2026-06-20_23-49-24-left_repeater.mp4,IGNORE,person_near,,local_scan_set
2026-05-09_14-39-43-left_repeater.mp4,IGNORE,person_near,,local_scan_set
2026-05-21_18-32-59-front.mp4,IGNORE,normal_traffic,,local_scan_set
2026-04-22_11-54-40-back.mp4,IGNORE,person_near,,local_scan_set
2026-04-18_16-03-46-back.mp4,IGNORE,person_near,,local_scan_set
2026-04-17_18-31-19-back.mp4,IGNORE,normal_traffic,,local_scan_set
2026-06-25_09-45-33-right_repeater.mp4,IGNORE,person_near,,local_scan_set
2026-05-20_13-04-54-front.mp4,IGNORE,normal_traffic,,local_scan_set
2024-11-04_09-49-30-right_repeater.mp4,IGNORE,normal_traffic,,local_scan_set
event_2026-04-18_16-03-46_e239e229,IGNORE,person_near,,local_scan_set
event_2026-04-18_16-51-07_abc8b539,IGNORE,normal_traffic,,local_scan_set
event_2026-04-19_11-50-54_6e073b5a,IGNORE,normal_traffic,,local_scan_set
event_2026-04-19_12-43-26_c61d61e2,IGNORE,person_near,,local_scan_set
event_2026-04-19_13-44-58_e81027f9,IGNORE,person_near,,local_scan_set
event_2026-04-20_01-17-30_a9e91563,IGNORE,person_near,,local_scan_set
event_2026-04-20_01-50-01_3ceda954,IGNORE,person_near,,local_scan_set
event_2026-04-20_08-27-01_8434b815,IGNORE,distant_pedestrian,,local_scan_set
event_2026-04-20_08-28-03_931e22e7,IGNORE,weird_unclear,,local_scan_set
event_2026-04-21_21-33-24_f31b7026,IGNORE,person_near,,local_scan_set
event_2026-04-21_22-06-38_ddfbb6e8,IGNORE,person_near,,local_scan_set
event_2026-04-22_11-52-22_aec8039e,IGNORE,person_near,,local_scan_set
event_2026-04-22_11-53-25_35f93565,IGNORE,normal_traffic,,local_scan_set
event_2026-04-22_11-54-40_162223aa,IGNORE,person_near,,local_scan_set
event_2026-04-22_11-57-24_35f1c04e,IGNORE,distant_pedestrian,,local_scan_set
event_2026-04-22_12-04-48_67e0dd60,IGNORE,normal_traffic,,local_scan_set
event_2026-04-22_12-10-17_a7b50d97,IGNORE,normal_traffic,,local_scan_set
event_2026-04-22_12-15-08_9cde7b46,IGNORE,normal_traffic,,local_scan_set
event_2026-04-24_17-39-17_0426b174,IGNORE,normal_traffic,,local_scan_set
event_2026-04-24_19-19-38_ac240656,IGNORE,person_near,,local_scan_set
event_2026-04-24_20-40-29_0fe45a81,IGNORE,normal_traffic,,local_scan_set
event_2026-04-27_16-16-43_441ffa9a,IGNORE,normal_traffic,,local_scan_set
event_2026-04-27_16-35-50_5ff92813,IGNORE,normal_traffic,,local_scan_set
event_2026-04-27_16-36-52_3a2d90ca,IGNORE,person_near,,local_scan_set
event_2026-04-27_16-37-06_0a646590,IGNORE,person_near,,local_scan_set
event_2026-04-27_23-27-16_dc13e6ae,IGNORE,weird_unclear,,local_scan_set
event_2026-04-30_11-42-37_cea6f8d7,IGNORE,person_near,,local_scan_set
event_2026-04-30_11-43-39_3ded8d0e,IGNORE,person_near,,local_scan_set
event_2026-05-04_16-41-17_6074423b,IGNORE,person_near,,local_scan_set
event_2026-05-04_16-42-20_764baf5e,IGNORE,person_near,,local_scan_set
event_2026-05-04_16-43-58_ea5dc19e,IGNORE,person_near,,local_scan_set
event_2026-05-04_19-22-09_8b6f370f,IGNORE,normal_traffic,,local_scan_set
event_2026-05-04_21-37-02_6f8e2540,IGNORE,normal_traffic,,local_scan_set
event_2026-05-06_08-59-28_2a2112c5,IGNORE,distant_pedestrian,,local_scan_set
event_2026-05-06_09-58-01_d6457b81,IGNORE,normal_traffic,,local_scan_set
event_2026-05-06_21-11-27_5b6f8d0c,IGNORE,weird_unclear,,local_scan_set
event_2026-05-07_08-25-33_d1dd3c02,IGNORE,person_near,,local_scan_set
